"Cif (S)","Ventas (N)","Año ventas (S)","Capital social (N)","Cargo principal (S)","Cnae (S)","Domicilio social (S)","Email (S)","Empleados (N)","Fax (S)","Fecha fundacion (S)","Fecha ult. balance (S)","Forma juridica (S)","Localidad (S)","Nombre (S)","Nombre comercial (S)","Situacion (S)","Telefono (S)","Web (S)","tipo (S)"
"A03466604","84635000","2018","1710000","LALUEZA LANAU, RAQUEL","4613 - Intermediarios del comercio de la madera y materiales de construcción","CALLE AURELIANO IBARRA, 16","atencionclientesscsc@agbar.es","71","[965255830]","1989-11-24","2018-12-31","SOCIEDAD ANONIMA","03009 ALICANTE/ALACANT (Alicante)","LOGISTIUM SERVICIOS LOGISTICOS SA.","['COMAGUA COMERCIAL DE AGUAS, S.A.']","Activa","[965227629, 933422000]","Desconocido","grande"
"A05010285","21099388.83","2017","4000000","FRANCISCO LUIS DIEZ, BERNAL","4211 - Construcción de carreteras y autopistas","CAMINO DE ARCAMADE, S/N","padecasa@padecasa.com","85","[916300331]","1984-04-17","2017-12-31","SOCIEDAD ANONIMA","05193 SANTA MARIA DEL CUBILLO (Ávila)","PADECASA OBRAS Y SERVICIOS SA","Desconocido","Activa","[916364240, 920204025, 920204171, 920204073]","['www.padecasa.com']","mediana"
"A08280448","53552313","2017","588223","JEAN FLESZAR, DAVID","7112 - Servicios técnicos de ingeniería y otras actividades relacionadas con el asesoramiento técnico","PLAZA PAU, S/N - PLANTA 4ª","tpi@technip.com","549","[934742134]","1972-01-01","2017-12-31","SOCIEDAD ANONIMA","08940 CORNELLA DE LLOBREGAT (Barcelona)","TECHNIP IBERIA SA","['TECHNIP IBERIA, S.A.']","Activa","[934139800]","['www.technip.com']","grande"
"A15646599","154735777","2018","70205","COBRA INSTALACIONES Y SERVICIOS SA REPRES PJ CASTILLO LACABEX JOSE MARIA","4321 - Instalaciones eléctricas","CALLE CARDENAL MARCELO SPINOLA, 10","central@grupocobra.com","5","[914569450]","1998-05-08","2018-12-31","SOCIEDAD ANONIMA","28016 MADRID (Madrid)","COBRA INFRAESTRUCTURAS INTERNACIONAL SA.","Desconocido","Activa","[914569500, 914569550]","['www.grupocobra.com']","grande"
"A18524751","20333885.59","2016","75000","BARRANCO MELGUIZO, JUAN MANUEL","4399 - Otras actividades de construcción especializada n.c.o.p.","CALLE EL ROCIO, 6 - BAJO","info@heberger.es","15","[958797019]","1999-12-10","2016-12-31","SOCIEDAD ANONIMA","18650 DURCAL (Granada)","HEBERGER ESPANOLA S.A.","Desconocido","Activa","[958780437]","['www.heberger.es']","pequeña"
"A20040598","54745116","2018","251897","SUQUIA IRASTORZA, AITZIBER","4121 - Construcción de edificios residenciales","PASEO LUGARITZ, 21 - ED SUKIA","sukia@sukia.com","50","[943316464]","1974-01-01","2018-12-31","SOCIEDAD ANONIMA","20018 DONOSTIA/SAN SEBASTIAN (Gipuzkoa)","CONSTRUCCIONES SUKIA ERAIKUNTZAK SA","['CONSTRUCCIONES SUKIA ERAIKUNTZAK S.A.']","Activa","[943316868, 943359873, 943325573]","['www.sukia.com']","grande"
"A20072302","243854380.55","2018","8937960","MARCO DE LA PEÑA, LUIS PEDRO","4121 - Construcción de edificios residenciales","PASEO DE MIRAMON, 185","consamenabar@consamenabar.es","42","[943132468]","1981-07-06","2018-12-31","SOCIEDAD ANONIMA","20014 DONOSTIA/SAN SEBASTIAN (Gipuzkoa)","CONSTRUCCIONES AMENABAR SA","Desconocido","Activa","[943831100, 943248000, 943248059, 943248203]","['www.construccionesamenabar.com', 'http://construccionesamenabar.com/']","grande"
"A20095311","3867334","2017","59210","URIA LOPETEGUI, AITOR","1920 - Refino de petróleo","BARRIO LOIOLA (NUCLEO), 25 - BAJO","info@asfaltosurretxu.com","25","[943157214]","1985-04-01","2017-12-31","SOCIEDAD ANONIMA","20730 AZPEITIA (Gipuzkoa)","ASFALTOS URRETXU SOCIEDAD ANONIMA","Desconocido","Activa","[943157219, 943157071, 943722517, 943723257]","Desconocido","pequeña"
"A20147724","14435633","2018","150253","ALBERDI MUGICA, AITOR","4121 - Construcción de edificios residenciales","PLAZA BURDIÑATE, 6 - BAJO","artzamendi@artzamendi.com","63","Desconocido","1987-01-22","2018-12-31","SOCIEDAD ANONIMA","20570 BERGARA (Gipuzkoa)","CONSTRUCCIONES ARTZAMENDI SA","Desconocido","Activa","[943762758]","['www.artzamendi.com']","mediana"
"A20852034","3364000","2017","40543000","Desconocido","5221 - Actividades anexas al transporte terrestre","AVENIDA GENERAL PERON, 36 - PLT 1","rsanchez@empark.com","26","Desconocido","2004-07-22","2017-12-31","SOCIEDAD ANONIMA","28020 MADRID (Madrid)","EMPARK INFRAESTRUCTURAS SA. (EXTINGUIDA)","Desconocido","Extinción","[915468900]","['www.empark.com']","pequeña"
"A21250634","30549258","2017","34439101","BARCELO TOUS, ANTONIA","5510 - Hoteles y alojamientos similares","CALLE JOSEP ROVER MOTTA, 27","puntaumbriaresort@barcelo.com","367","[959495901]","1997-09-10","2017-12-31","SOCIEDAD ANONIMA","07006 PALMA (Baleares)","PUNTA UMBRIA TURISTICA SA","Desconocido","Activa","[971771700]","['www.barcelo.com']","mediana"
"A25701244","3951191.98","2018","62000","CALVIS ARNO, JORDI","7112 - Servicios técnicos de ingeniería y otras actividades relacionadas con el asesoramiento técnico","CARRETERA TARRAGONA","kreum@kreum.com","39","Desconocido","2009-12-21","2018-12-31","SOCIEDAD ANONIMA","25190 LLEIDA (Lérida)","KREUM SA","Desconocido","Activa","[973224515]","['www.kreum.com']","pequeña"
"A28224038","15449000","2018","1955804.25","COBRA INSTALACIONES Y SERVICIOS SA REPRES PJ PEREIRA LOPEZ FELIX","4322 - Fontanería, instalaciones de sistemas de calefacción y aire acondicionado","CALLE CARDENAL MARCELO SPINOLA, 10","atil.central@grupocobra.com","68","[915556936]","1969-06-18","2018-12-31","SOCIEDAD ANONIMA","28016 MADRID (Madrid)","ATIL COBRA SOCIEDAD ANONIMA","Desconocido","Activa","[915551315, 914569500, 914569539]","['www.grupocobra.com']","mediana"
"A28239523","3826087.41","2018","679977.06","MOZAS MARTINEZ, JULIA","6820 - Alquiler de bienes inmobiliarios por cuenta propia","CALLE LERIDA, 8 - 10","info@proinca.es","30","[915721276]","1970-04-01","2018-12-31","SOCIEDAD ANONIMA","28020 MADRID (Madrid)","PROMOCIONES INMOBILIARIAS CALERO SA","Desconocido","Activa","[915719344, 912680778]","['www.proinca.es']","pequeña"
"A28327195","11843766.33","2018","1618200","CARRASCO GOMEZ ESCALONILLA, JOSE LUIS","4110 - Promoción inmobiliaria","CALLE PANTOJA, 12 - 2º PLANTA, PTA. B","cambrija@cambrija.es","21","[914159651]","1973-03-02","2018-12-31","SOCIEDAD ANONIMA","28002 MADRID (Madrid)","LA CAMBRIJA SA","Desconocido","Activa","[916333251, 914169395, 911705943]","['www.cambrija.es']","pequeña"
"A28474666","16162000","2018","811350","Desconocido","7112 - Servicios técnicos de ingeniería y otras actividades relacionadas con el asesoramiento técnico","CALLE DEL MAR EGEO, 4 - POL IND 1","clientes@indra.es","220","[914809850]","1977-05-05","2018-12-31","SOCIEDAD ANONIMA","28830 SAN FERNANDO DE HENARES (Madrid)","INDRA EMAC SA (EXTINGUIDA)","Desconocido","Extinción","[914805000, 914807208, 914809855, 914806334]","['www.indracompany.com']","mediana"
"A28849495","126518000","2018","1200000","PARRA MEDIAVILLA, FELIX","4291 - Obras hidráulicas","AVENIDA CAMINO DE SANTIAGO, 40","aqualiainfraestructu@fcc.es","202","[917036496]","1983-07-11","2018-12-31","SOCIEDAD ANONIMA","28050 MADRID (Madrid)","AQUALIA INTECH SA.","Desconocido","Activa","[913595400, 917573826, 917574428]","['www.aqualia-infraestructuras.es']","grande"
"A33227018","12267966.72","2018","60200","GARCIA MONTESERIN, VIRGILIO","4321 - Instalaciones eléctricas","POLIGONO INDUSTRIAL DE FALMURIA, 39 - NAV","moncisa@moncisa.com","121","[985887680]","1989-10-13","2018-12-31","SOCIEDAD ANONIMA","33438 CARREÑO (Asturias)","MONTAJES Y OBRA CIVIL SA","Desconocido","Activa","[985887677]","['www.moncisa.com']","mediana"
"A35660844","8040481.95","2015","60102","DORESTE ZAMORA, JAVIER ERASMO","8411 - Actividades generales de la Administración Pública","CALLE LEON Y CASTILLO, 270 - OFICINAS MUNICIPALES","administracion@geursa.es","54","[928333105]","2001-05-07","2015-12-31","SOCIEDAD ANONIMA","35005 LAS PALMAS DE GRAN CANARIA (Palmas (Las))","SOCIEDAD MUNICIPAL DE GESTION URBANISTICA DE LAS PALMAS DE GRAN CANARIA SA","Desconocido","Activa","[928446600, 928333105]","['www.geursa.es']","pequeña"
"A39609565","8884163.37","2018","60200","GARCIA DEL RIO, LUIS","4121 - Construcción de edificios residenciales","CALLE ALDAY, S/N","tecniobras@grupotecniobras.com","19","[942517279]","2005-08-08","2018-12-31","SOCIEDAD ANONIMA","39600 CAMARGO (Cantabria)","TECNICAS Y OBRAS CANTABRIA SA.","Desconocido","Activa","[942517280]","['www.grupotecniobras.com']","pequeña"
"A41568643","2608853.15","2016","1252856.62","MORALES CRESPO, MARTA","4321 - Instalaciones eléctricas","CALLE HISPANO AVIACION, 7 - 9","administracion@elimco.com","59","[954432664]","1992-10-26","2016-12-31","SOCIEDAD ANONIMA","41300 LA RINCONADA (Sevilla)","ELIMCO SOLUCIONES INTEGRALES SA (EN LIQUIDACION)","Desconocido","Disolución","[954367870, 922539135, 955790315]","['www.elimco.com']","mediana"
"A41980178","72844000","2016","900000","ABENER ENERGIA SA","4222 - Construcción de redes eléctricas y de telecomunicaciones","CALLE ENERGIA SOLAR, 1","Desconocido","0","Desconocido","1999-04-08","2016-12-31","SOCIEDAD ANONIMA","41014 SEVILLA (Sevilla)","ABENTEL TELECOMUNICACIONES SA","['ABENTEL TELECOMUNICACIONES']","Activa","[954937436]","Desconocido","grande"
"A43251081","10826000","2018","120100","VERBOON, GERARD","7112 - Servicios técnicos de ingeniería y otras actividades relacionadas con el asesoramiento técnico","LUGAR MOLL DE LLEVANT, 2º DERECHA","fluor.pe-general@fluor.com","130","[977191710]","1990-07-27","2018-12-31","SOCIEDAD ANONIMA","43004 TARRAGONA (Tarragona)","FLUOR PLANT ENGINEERING SOCIEDAD ANONIMA","Desconocido","Activa","[977191700]","['www.fluor.com']","mediana"
"A47205927","4048485.92","2018","60101.21","NIETO MARTIN, APOLONIA","4299 - Construcción de otros proyectos de ingeniería civil n.c.o.p.","CALLE TURQUESA, 38 - PG IND SAN CRISTOBAL","administracion@valbuena-sa.es","40","[983294132]","1989-02-13","2018-12-31","SOCIEDAD ANONIMA","47012 VALLADOLID (Valladolid)","CONSTRUCCIONES Y OBRAS VALBUENA SA","Desconocido","Activa","[983397796]","Desconocido","pequeña"
"A48710784","6003915.33","2018","714311.97","FLORES FERNANDEZ, JAVIER","4321 - Instalaciones eléctricas","AVENIDA JOSE LUIS GOIOAGA, 36","erandio@inelsa.es","49","[944671364]","1994-12-23","2018-12-31","SOCIEDAD ANONIMA","48950 ERANDIO (Bizkaia)","INSTALACIONES ELECTRICAS ERANDIO SA","Desconocido","Activa","[944671814]","['www.inelsa.es']","pequeña"
"A58142639","20140427","2018","2000000","VILLENA CONTRERAS, LUIS","4299 - Construcción de otros proyectos de ingeniería civil n.c.o.p.","CALLE CARACAS, 11","oficina@constraula.com","136","Desconocido","1986-03-06","2018-12-31","SOCIEDAD ANONIMA","08030 BARCELONA (Barcelona)","CONSTRAULA ENGINYERIA I OBRES SA","Desconocido","Activa","[932250506, 934463850]","['www.constraula.com']","mediana"
"A58283342","6853917.07","2018","9466391.47","BALMON AREVALO, ANTONIO","4110 - Promoción inmobiliaria","CALLE ALBERT EINSTEIN, 47 - 49","infourbana@procornella.cat","116","[933772347]","1986-10-29","2018-12-31","SOCIEDAD ANONIMA","08940 CORNELLA DE LLOBREGAT (Barcelona)","EMPRESA MUNICIPAL DE PROMOCIO SOCIAL, URBANA I ECONOMICA DE CORNELLA SA.","Desconocido","Activa","[934740202, 934753564]","['www.procornella.cat']","mediana"
"A62091616","59944.97","2018","3065100","COLAU BALLANO, ADA","7111 - Servicios técnicos de arquitectura","CALLE PINTOR FORTUNY, 17 - 19 BJ","info@fomentciutatrvella.cat","44","Desconocido","1999-02-19","2018-12-31","SOCIEDAD ANONIMA","08001 BARCELONA (Barcelona)","FOMENT DE CIUTAT SA.","Desconocido","Activa","[932566618, 932566600]","['www.fomentciutatvella.cat']","pequeña"
"A65247066","10188270.47","2018","260200","RODRIGUEZ DEL PALACIO, MIGUEL ANGEL","4321 - Instalaciones eléctricas","CALLE MONTSERRAT ROIG, 54","tgn@gruphelco.es","109","[977206143]","2010-01-08","2018-12-31","SOCIEDAD ANONIMA","08908 L'HOSPITALET DE LLOBREGAT (Barcelona)","GRUPHELCO INDUSTRIAL SA.","Desconocido","Activa","[977206144, 938873077]","['www.gruphelco.es']","mediana"
"A78884053","1426000","2018","643430.6","GARROTE DE MARCOS, FRANCISCO","0210 - Silvicultura y otras actividades forestales","CALLE FELIX BOIX, 9 - PRIMERO IZQUIERDA","irena@grupopacsa.es","23","[913594783]","1988-07-27","2018-12-31","SOCIEDAD ANONIMA","28036 MADRID (Madrid)","INGENIERIA DE LOS RECURSOS NATURALES SOCIEDAD ANONIMA","Desconocido","Activa","[913532562]","['www.irena.es']","pequeña"
"A81545790","458679000","2018","551000000","CORONAS GUINART, JOSEP MARIA","5229 - Otras actividades anexas al transporte","PASEO CASTELLANA, 39","autopistas@autopistas.com","2000","[915578122]","1996-09-25","2018-12-31","SOCIEDAD ANONIMA","28046 MADRID (Madrid)","ABERTIS AUTOPISTAS ESPAÑA SA","Desconocido","Activa","[934927827, 915951000]","['www.autopistas.com']","grande"
"A81598385","3848546.24","2018","96161.94","BELTRAN PALOMO, ANTONIO","7112 - Servicios técnicos de ingeniería y otras actividades relacionadas con el asesoramiento técnico","CALLE VIZCONDE DE MATAMALA, 1","trntaryet@trntaryet.com","30","[915570411]","1996-12-12","2018-12-31","SOCIEDAD ANONIMA","28028 MADRID (Madrid)","TRN TARYET SA.","['TRN INGENIERIA']","Activa","[914096075]","Desconocido","pequeña"
"A81821464","33075641.89","2018","2000000","BTD CAPITAL 12 SL","7112 - Servicios técnicos de ingeniería y otras actividades relacionadas con el asesoramiento técnico","CALLE ARTURO SORIA, 99 - PRIMERA PLANTA","btd@btd.es","218","[915760720]","1997-09-05","2018-12-31","SOCIEDAD ANONIMA","28043 MADRID (Madrid)","BTD PROYECTOS 12 SA.","Desconocido","Activa","[914153730]","['www.btd.es']","grande"
"A82658832","1087239.69","2018","62020","REY GARCIA, MARIA ISABEL","7112 - Servicios técnicos de ingeniería y otras actividades relacionadas con el asesoramiento técnico","AVENIDA REYES CATOLICOS, 6 - PLANTA 1ª OFICINAS 7B-8B","ampliatel@ampliatel.com","18","[916362586]","2000-04-26","2018-12-31","SOCIEDAD ANONIMA","28220 MAJADAHONDA (Madrid)","AMPLIA TELECOMUNICACIONES SA","Desconocido","Activa","[916362585]","['www.ampliatel.com']","mediana"
"A82919317","14612378","2016","177097600","PEREZ GONZALEZ, LUIS","5229 - Otras actividades anexas al transporte","CARRETERA M-408 PINTO A PARLA, SALIDA 4","arodriguez@cintra.es","90","[911463048]","2001-02-27","2016-12-31","SOCIEDAD ANONIMA","28320 PINTO (Madrid)","AUTOPISTA MADRID SUR CONCESIONARIA ESPAÑOLA SA (EN LIQUIDACION)","Desconocido","Disolución","[911463004, 902442004, 911463000, 911463061]","['www.radial4.com']","mediana"
"A83452516","24637445.3","2018","1000000","VALLINO GIL, CARLOS SALVADOR","4121 - Construcción de edificios residenciales","CALLE JUAN DE ARESPACOCHAGA Y FELIPE, 12","fatecsaobras@fatecsaobras.com","30","[918283021]","2002-10-28","2018-12-31","SOCIEDAD ANONIMA","28037 MADRID (Madrid)","FATECSA OBRAS SA","Desconocido","Activa","[918285979]","['www.fatecsaobras.com']","mediana"
"A84149566","13269654","2018","360200","BRENNAN, ANTHONY","4321 - Instalaciones eléctricas","CALLE DE LA FORJA, 2","eivar@eivar.com","131","[916424578]","2004-11-18","2018-12-31","SOCIEDAD ANONIMA","28946 FUENLABRADA (Madrid)","EIVAR OBRAS E INGENIERIA SA","Desconocido","Activa","[916424570, 916422550]","['www.eivar.com']","mediana"
"A84284892","15236277.34","2018","181200","GARCIA ALCAÑIZ CEPEDA, SERGIO FRANCISCO","4399 - Otras actividades de construcción especializada n.c.o.p.","CALLE SEGUNDA AVENIDA, 14","tecyrsa@tecyrsa.com","127","[918124336]","2005-03-17","2018-12-31","SOCIEDAD ANONIMA","28991 TORREJON DE LA CALZADA (Madrid)","TECYR CONSTRUCCIONES Y REPARACIONES SA","Desconocido","Activa","[918161659]","['www.tecyrsa.com']","mediana"
"A84780329","25014000","2016","19800000","QUINTERO MARTINEZ, DANIEL","4931 - Transporte terrestre urbano y suburbano de pasajeros","CALLE MANUEL AZAÑA, S/N","informacion@melimadrid.com","5","Desconocido","2006-07-27","2016-12-31","SOCIEDAD ANONIMA","28033 MADRID (Madrid)","METROS LIGEROS DE MADRID SA","Desconocido","Activa","[914343993]","['www.melimadrid.es', 'www.metrosligerosdemadrid.es']","mediana"
"A85270965","35164550","2018","42632700","BARRUECO GONZALEZ, RAUL","5221 - Actividades anexas al transporte terrestre","CALLE ROTONDA ARISTOTELES, 1","administracion@autoviadearagon.com","53","[918887797]","2007-11-19","2018-12-31","SOCIEDAD ANONIMA","28806 ALCALA DE HENARES (Madrid)","AUTOVIA DE ARAGON-TRAMO 1 SA","Desconocido","Activa","[918773418]","['www.autoviadearagon.com']","mediana"
"A85280253","19027000","2018","9413370","LABARRA BLANCO, JOSE ANTONIO","5221 - Actividades anexas al transporte terrestre","CARRETERA A-4","info@a4madrid.com","45","[918754379]","2007-11-27","2018-12-31","SOCIEDAD ANONIMA","28300 ARANJUEZ (Madrid)","SOCIEDAD CONCESIONARIA AUTOVIA A-4 MADRID SA","Desconocido","Activa","[918011901]","['www.a4madrid.com']","pequeña"
"A85788065","2729000","2018","60200","PEJO CLIMENT, LLUC","8559 - Otra educación n.c.o.p.","PASEO CASTELLANA, 259 - C, PLANTA 31 SUR","atencionproveedorescsc@agbar.es","22","Desconocido","2009-10-01","2018-12-31","SOCIEDAD ANONIMA","28046 MADRID (Madrid)","AQUA DEVELOPMENT NETWORK SA.","Desconocido","Activa","[933422000, 932479728]","['www.aqualogia.es']","pequeña"
"A90034265","0","2017","501735000","ABENGOA ABENEWCO 1 SA REPRES PJ FERNANDEZ DE PIEROLA MARIN JOAQUIN","7112 - Servicios técnicos de ingeniería y otras actividades relacionadas con el asesoramiento técnico","CALLE ENERGIA SOLAR, 1","abeinsa@abengoa.com","95","[954937005]","2012-11-19","2017-12-31","SOCIEDAD ANONIMA","41014 SEVILLA (Sevilla)","ABEINSA BUSINESS DEVELOPMENT SOCIEDAD ANONIMA.","Desconocido","Activa","[954937000, 954937079, 954935845, 954937159]","['www.abeinsa.com']","grande"
"A90263401","60183165","2018","1000000","INMOBILIARIA DEL SUR SA","4121 - Construcción de edificios residenciales","CALLE ANGEL GELAN, 2","correo@grupoinsur.com","76","Desconocido","2016-05-03","2018-12-31","SOCIEDAD ANONIMA","41013 SEVILLA (Sevilla)","IDS CONSTRUCCION Y DESARROLLOS SOCIEDAD ANONIMA.","Desconocido","Activa","[954278446]","['www.grupoinsur.com']","mediana"
"A91981589","24522000","2017","60000","ABENGOA ABENEWCO 1 SA REPRES PJ FERNANDEZ DE PIEROLA MARIN JOAQUIN","4299 - Construcción de otros proyectos de ingeniería civil n.c.o.p.","CALLE ENERGIA SOLAR, 1","abengoa@abengoa.com","308","[955413375]","2012-01-16","2017-12-31","SOCIEDAD ANONIMA","41014 SEVILLA (Sevilla)","ABEINSA EPC SA","Desconocido","Ilocalizable según nuestras fuentes","[954937111, 954937075, 954665065, 954937000]","['www.abeinsa.com']","grande"
"A95684890","36979749","2018","30775000","AGUIRIANO ERQUICIA, XABIER","5229 - Otras actividades anexas al transporte","AVENIDA ELORRIAGAZAR, 13","administracion@agesa.eus","0","[946814700]","2012-06-01","2018-12-31","SOCIEDAD ANONIMA","48220 ABADIÑO (Bizkaia)","SOCIEDAD CONCESIONARIA AUTOVIA GEREDIAGA ELORRIO SOCIEDAD ANONIMA.","Desconocido","Activa","[946813026, 946215496]","Desconocido","mediana"
"B01499144","2561551.66","2018","261006","GOMEZ PEREZ, JOSE MANUEL","4222 - Construcción de redes eléctricas y de telecomunicaciones","BARRIO ZUBIETE, 40 - NAV 4","jmgomez@euskotelecom.com","60","Desconocido","2012-04-25","2018-12-31","SOCIEDAD LIMITADA","48192 GORDEXOLA (Bizkaia)","EUSKO-VILLANUEVA S.L.","Desconocido","Activa","Desconocido","['www.euskotelecom.com']","mediana"
"B02479871","2984942.55","2017","40000","SANCHEZ RUIZ, MANUEL JOSE","4121 - Construcción de edificios residenciales","PLAZA SANTA TERESA DE JESUS JORNET, 5 - PTL 4","administracion@cumanchegas.com","22","Desconocido","2008-11-26","2017-12-31","SOCIEDAD LIMITADA","02002 ALBACETE (Albacete)","CONSTRUCCIONES URBANAS MANCHEGAS 2008 SL","Desconocido","Activa","Desconocido","Desconocido","pequeña"
"B03675105","44141559.27","2017","2821014","FUR QUESADA, ENRIQUE JAVIER","4110 - Promoción inmobiliaria","AVENIDA DEL PUERTO, 15","info@marjal.com","18","[966726536]","1991-04-09","2017-12-31","SOCIEDAD LIMITADA","03140 GUARDAMAR DEL SEGURA (Alicante)","SOMIUM PREMIUM PROPERTIES SL.","Desconocido","Activa","[966727184, 966988062]","['www.grupomarjal.com']","pequeña"
"B05238548","1351656.67","2018","3010","BORREGO GAGO, ROSA MARIA","4121 - Construcción de edificios residenciales","PLAZA ESPAÑA, 13","info@rocavila.es","32","Desconocido","2013-03-20","2018-12-31","SOCIEDAD LIMITADA","05114 VILLANUEVA DE AVILA (Ávila)","CONSTRUCCIONES INTEGRALES ABULENSES SL.","Desconocido","Activa","[920276432]","['www.rocavila.es']","pequeña"
"B06201404","4204574.56","2018","6000","MAESTRE PRIETO, EMILIO","4321 - Instalaciones eléctricas","POLIGONO INDUSTRIAL LOS CAÑOS, 60 - 61","moelme@moelme.es","0","[924555612]","1994-03-09","2018-12-31","SOCIEDAD LIMITADA","06300 ZAFRA (Badajoz)","MOELME MONTAJES ELECTRICOS SL","['MOELME, S.L.']","Concurso","[924555227, 924555929]","['www.moelme.es']","mediana"
"B06215073","487194.92","2018","98567.28","MAYOR REGANA, DIEGO","4121 - Construcción de edificios residenciales","CALLE MARTINEZ, 101","vultimaco@vultimaco.com","13","[924501003]","1994-12-01","2018-12-31","SOCIEDAD LIMITADA","06240 FUENTE DE CANTOS (Badajoz)","CONSTRUCCIONES VULTIMACO SL","Desconocido","Activa","Desconocido","Desconocido","pequeña"
"B06285092","44986425.69","2018","70381928","VALORIZA GESTION S A","3600 - Captación, depuración y distribución de agua","CALLE JUAN ESPLANDIU, 11 - 13","amigallon@sacyr.com","331","[917211636]","1998-05-21","2018-12-31","SOCIEDAD LIMITADA","28007 MADRID (Madrid)","SACYR AGUA SL.","Desconocido","Activa","[915455000, 915455391]","Desconocido","grande"
"B08284002","30092173.08","2018","250021.04","PARES GONZALEZ SL","4121 - Construcción de edificios residenciales","CALLE GRAN VIA CARLES III, 124 - PLT 2","luispares@lpares.com","61","[932521310]","1972-01-14","2018-12-31","SOCIEDAD LIMITADA","08034 BARCELONA (Barcelona)","LUIS PARES SL","Desconocido","Activa","[932523000, 933484752]","['www.luispares.com']","pequeña"
"B08682486","5327415.49","2018","3005.06","IBANEZ GARCIA, JUAN JOSE","4321 - Instalaciones eléctricas","CALLE FINISTERRE, 7","info@emtek.es","43","Desconocido","1981-04-24","2018-12-31","SOCIEDAD LIMITADA","08223 TERRASSA (Barcelona)","ELECTRO MARTEIX SL","Desconocido","Activa","[937834975]","['www.emtek.es']","mediana"
"B08899213","20918679.31","2018","165876","BONGOVERN SL","4652 - Comercio al por mayor de equipos electrónicos y de telecomunicaciones y sus componentes","CALLE SABINO ARANA, 32","info@bitmakers.com","63","[934199227]","1984-03-26","2018-12-31","SOCIEDAD LIMITADA","08028 BARCELONA (Barcelona)","BITMAKERS SL","Desconocido","Activa","[934194343]","['www.bitmakers.com']","mediana"
"B09367988","21635560","2018","4000","MARTIN GOMEZ, SANTIAGO","3516 - Producción de energía eléctrica de origen térmico convencional","CALLE VEINTE DE FEBRERO, 8","Desconocido","12","[947503249]","2000-02-18","2018-12-31","SOCIEDAD LIMITADA","47001 VALLADOLID (Valladolid)","ENERGYWORKS ARANDA SL","Desconocido","Activa","[947503189]","['www.iberdrola.com']","pequeña"
"B11617594","1829122.89","2018","168884.4","MANZANO VILLALBA, FRANCISCO","4121 - Construcción de edificios residenciales","CARRETERA JEREZ-CARTAGENA","manzanoconstruccion@grupomanzano.es","19","[956702601]","1985-07-26","2018-12-31","SOCIEDAD LIMITADA","11630 ARCOS DE LA FRONTERA (Cádiz)","CONSTRUCCIONES FRANCISCO MANZANO SL","Desconocido","Activa","[956701907]","['www.grupomanzano.es']","pequeña"
"B11622172","1336322.24","2017","836000","ALBA CHICA, MANUEL","4211 - Construcción de carreteras y autopistas","CALLE SUDAFRICA, 134","aglomerados@agloand.com","20","[956320954]","1987-01-14","2017-12-31","SOCIEDAD LIMITADA","11408 JEREZ DE LA FRONTERA (Cádiz)","AGLOMERADOS ANDALUCES SL","Desconocido","Activa","[956342836, 956342803]","['www.agloand.com']","pequeña"
"B12693511","62244.15","2017","502000","BECKER CASTILLO, FELIPE","4121 - Construcción de edificios residenciales","CALLE MICHALOVCE, 37 - ENTRESUELO 1","info@estructurasalicates.com","35","Desconocido","2005-09-15","2017-12-31","SOCIEDAD LIMITADA","12540 VILA-REAL (Castellón)","ESTRUCTURAS ALICATES SL","Desconocido","Activa","[964538863]","['www.estructurasalicates.com']","pequeña"
"B12990347","7404116.49","2018","4500","VICENT GIL, JOAQUIN","4122 - Construcción de edificios no residenciales","CALLE TORRALBA DEL PINAR, 16","cyrespa@cyrespa.es","12","Desconocido","2017-06-12","2018-12-31","SOCIEDAD LIMITADA","12003 CASTELLON PLANA/CASTELLO PLANA (Castellón)","CYROS CONSTRUCCION SOSTENIBLE SOCIEDAD LIMITADA.","Desconocido","Activa","[964220598]","['www.cyros.es']","pequeña"
"B14834006","5920564.11","2018","189501","CABELLO MONTES, JOAQUIN","4121 - Construcción de edificios residenciales","CALLE ORGANIZACION NACIONAL CIEGOS ESPAÑOLES, 33","contabilidad@cccabello.com","35","[957512118]","2008-04-14","2018-12-31","SOCIEDAD LIMITADA","14900 LUCENA (Córdoba)","CONSTRUCCIONES Y CONTRATAS CABELLO SL","Desconocido","Activa","[957511420]","Desconocido","pequeña"
"B15009533","15977025.08","2018","604996.65","GOMEZ NOVOA, FRANCISCO","4211 - Construcción de carreteras y autopistas","LUGAR DA MINA, S/N","admon@fgomez.es","120","[981517291]","1958-12-06","2018-12-31","SOCIEDAD LIMITADA","15822 TOURO (La Coruña)","FRANCISCO GOMEZ Y CIA SL","Desconocido","Activa","[981517318]","['www.fgomez.es']","mediana"
"B15015274","19836394","2018","363302.93","MUNIZ GARCIA, JOSE LUIS","4321 - Instalaciones eléctricas","CAMINO BOSQUE, 20","info@elinsa.org","147","[981290129]","1968-04-19","2018-12-31","SOCIEDAD LIMITADA","15008 A CORUÑA (La Coruña)","ELECTROTECNICA INDUSTRIAL Y NAVAL SL","Desconocido","Activa","[981285699]","['www.elinsa.org']","mediana"
"B15436215","4389127.69","2018","150253.03","VAZQUEZ CASTRO, LUIS GABRIEL","8020 - Servicios de sistemas de seguridad","POLIGONO INDUSTRIAL, PARC. R20","sac@boschseguridad.es","65","[981639806]","1993-10-14","2018-12-31","SOCIEDAD LIMITADA","15165 BERGONDO (La Coruña)","BOSCH SEGURIDAD Y CONTROL SL","Desconocido","Activa","[981639565, 981783575]","['www.boschseguridad.es']","mediana"
"B15768880","3278256.44","2018","42000","GUERREIRO MARTINEZ, ENRIQUE","4121 - Construcción de edificios residenciales","LUGAR A GARITA, S/N","info@guerreirosomozas.com","20","[981404498]","2001-01-01","2018-12-31","SOCIEDAD LIMITADA","15565 AS SOMOZAS (La Coruña)","CONSTRUCCIONES GUERREIRO SOMOZAS SL","Desconocido","Activa","[981404355]","['www.guerreirosomozas.com']","pequeña"
"B17873696","4658440.46","2018","2157000","BUSQUETS SARGATAL, JOSEP","4121 - Construcción de edificios residenciales","CALLE MADRENYS, 29","info@busquetssl.cat","29","[972474231]","2005-11-11","2018-12-31","SOCIEDAD LIMITADA","17185 VILOBI D'ONYAR (Gerona)","CONSTRUCCIONS BUSQUETS VILOBI SL","Desconocido","Activa","[972473108]","['www.busquetssl.cat']","pequeña"
"B17887365","1372994.34","2018","3060","NUÑEZ GIL, GEORGINA","4121 - Construcción de edificios residenciales","CALLE D'EMPURIES, 11","estructures_viernes@hotmail.com","16","Desconocido","2006-01-28","2018-12-31","SOCIEDAD LIMITADA","17251 CALONGE I SANT ANTONI (Gerona)","RIBEIRA 2006 S.L.","Desconocido","Activa","[972643901]","Desconocido","pequeña"
"B18077867","5828771.53","2017","83300.23","PEREZ JIMENEZ, MARIA JOSE","4211 - Construcción de carreteras y autopistas","AVENIDA DE ANDALUCIA, S/N","info@grpj.es","25","[958804219]","1987-06-02","2017-12-31","SOCIEDAD LIMITADA","18015 GRANADA (Granada)","CONSTRUCCIONES PEREZ JIMENEZ SOCIEDAD LIMITADA","Desconocido","Activa","[958804289]","['www.grpj.es']","pequeña"
"B20054201","5651501","2018","50183.5","INVERSIONES LUB 10.001 SL","4321 - Instalaciones eléctricas","POLIGONO INDUSTRIAL KURUTZ-GAIN, 3 - 7  PAB","gorosabel@gorosabel.com","53","Desconocido","1978-01-19","2018-12-31","SOCIEDAD LIMITADA","20850 MENDARO (Gipuzkoa)","ELECTRICIDAD GOROSABEL SL","Desconocido","Activa","[943740348]","['www.gorosabel.com']","mediana"
"B21117924","4118025.05","2018","63106.27","LOPEZ GABARRO, DOMINGO","4291 - Obras hidráulicas","POLIGONO INDUSTRIAL EL MONETE, 106 - NAV","marysl@construmary.es","80","Desconocido","1990-05-17","2018-12-31","SOCIEDAD LIMITADA","21600 VALVERDE DEL CAMINO (Huelva)","CONSTRUCCIONES Y MANTENIMIENTOS MARY SL","Desconocido","Activa","[959553490]","['www.construmary.es']","pequeña"
"B21295159","2484916.27","2018","18030.36","MARTIN GONZALEZ, EMILIA","7112 - Servicios técnicos de ingeniería y otras actividades relacionadas con el asesoramiento técnico","CALLE MARINA, 3 - 5 B","administracion@iph.es","51","Desconocido","2000-03-09","2018-12-31","SOCIEDAD LIMITADA","21001 HUELVA (Huelva)","INPRO HUELVA SL","Desconocido","Activa","[959540111]","['www.iph.es']","mediana"
"B23368848","10754047.41","2018","123000","CAÑETE BAQUERIZO, MAXIMO","7112 - Servicios técnicos de ingeniería y otras actividades relacionadas con el asesoramiento técnico","CARRETERA MADRID CADIZ, KM 378,70 - D","pvega@cbh.es","64","Desconocido","1997-05-06","2018-12-31","SOCIEDAD LIMITADA","14420 VILLAFRANCA DE CORDOBA (Córdoba)","CBHAGRO INNOVA SL","Desconocido","Activa","[957813381]","['www.cbh.es']","mediana"
"B23683352","544722.27","2018","22100","CARMONA CANO, CARLOS","4299 - Construcción de otros proyectos de ingeniería civil n.c.o.p.","CALLE CORREDERA, 34","Desconocido","19","Desconocido","2011-07-04","2018-12-31","SOCIEDAD LIMITADA","23680 ALCALA LA REAL (Jaén)","CONSTRUCCIONES ALCALAINAS CARMONA CANO SOCIEDAD LIMITADA.","Desconocido","Activa","Desconocido","Desconocido","pequeña"
"B25759028","13100879.39","2018","3100","PUJOL TORRENT, MONTSERRAT","4121 - Construcción de edificios residenciales","CALLE IVARS D'URGELL, 20","administracio@pmp-pretaporter.com","60","Desconocido","2013-03-07","2018-12-31","SOCIEDAD LIMITADA","25190 LLEIDA (Lérida)","PROJECTES MODULARS PREFABRICATS SL","Desconocido","Activa","[973603954]","['www.pretaportercasas.com']","mediana"
"B27794718","1868360.81","2018","3000","STEINBRUGGEN CAYO, SERGIO","7112 - Servicios técnicos de ingeniería y otras actividades relacionadas con el asesoramiento técnico","LUGAR MONTE FAQUIÑA, 20","info@unimaterobotica.com","18","Desconocido","2013-11-27","2018-12-31","SOCIEDAD LIMITADA","36416 MOS (Pontevedra)","UNIMATE ROBOTICA SL.","Desconocido","Activa","[986953502]","['www.unimaterobotica.com']","pequeña"
"B28186344","1020295.95","2018","60200","ALLANIC, BENOIT","6202 - Actividades de consultoría informática","CALLE MALLORCA, 272 - P. 4 PTA. 7","centralita@eurosud.es","17","[933019416]","1961-01-01","2018-12-31","SOCIEDAD LIMITADA","08037 BARCELONA (Barcelona)","HALLIBURTON ESPAÑOLA SL","Desconocido","Activa","[934583000]","Desconocido","pequeña"
"B29102852","3592181.82","2018","1050000","GRUPO ACEDO 2008 SA","4312 - Preparación de terrenos","CAMINO QUINTA, S/N","rrhh@grupoacedo.com","40","[952705043]","1979-01-01","2018-12-31","SOCIEDAD LIMITADA","29200 ANTEQUERA (Málaga)","ACEDO HERMANOS SL","Desconocido","Activa","[952840508, 952702216, 952739065]","['www.grupoacedo.com']","pequeña"
"B30511190","2544353.17","2018","3100.06","MANUEL COLL, JARA","4122 - Construcción de edificios no residenciales","CALLE LA LUZ, 1","info@uorconf.es","16","[968601265]","1996-06-18","2018-12-31","SOCIEDAD LIMITADA","30130 BENIEL (Murcia)","CONSTRUCCIONES UORCONF S.L.","Desconocido","Activa","[968270754, 968601265]","Desconocido","pequeña"
"B30654974","3880457.53","2018","30050.61","ZAPLANA GARCIA, FERNANDO","4121 - Construcción de edificios residenciales","LUGAR PARAJE LOS MARTINEZ, 4","info@mgmconstrucciones.es","35","[968558599]","1989-10-06","2018-12-31","SOCIEDAD LIMITADA","30367 CARTAGENA (Murcia)","CONSTRUCCIONES MARIA GARCIA MARTINEZ SL","Desconocido","Activa","[968558597]","['www.mgmconstrucciones.es']","pequeña"
"B31731250","1536789.89","2018","3006","ERICE LACABE, GUILLERMO","7112 - Servicios técnicos de ingeniería y otras actividades relacionadas con el asesoramiento técnico","CALLE IRUMUGA, 39 - 41","gerice@geea.es","22","[948111131]","2001-09-24","2018-12-31","SOCIEDAD LIMITADA","31620 HUARTE/UHARTE (Navarra)","GEEA GEOLOGOS SL","Desconocido","Activa","[948554811, 948382975]","['www.geea.es']","pequeña"
"B31763899","6005881.82","2018","46686","PANGUA CERRILLO, SANTIAGO","7112 - Servicios técnicos de ingeniería y otras actividades relacionadas con el asesoramiento técnico","CALLE RIO ELORZ, NAVE 13 E","tesicnor@tesicnor.com","72","[948214041]","2002-10-17","2018-12-31","SOCIEDAD LIMITADA","31110 NOAIN (V ELORZ)/NOAIN (ELORTZIBAR) (Navarra)","TECNICAS Y SERVICIOS DE INGENIERIA Y CONTROL DEL NORTE SL","Desconocido","Activa","[948214040]","['www.tesicnor.com']","pequeña"
"B31835101","22096783.4","2018","3006","MARTINEZ CUEVAS, ADELINA","4122 - Construcción de edificios no residenciales","POLIGONO INDUSTRIAL CASTEJON, PARC 23 24 25","gestion@victorinovicente.es","137","[948770042]","2004-11-30","2018-12-31","SOCIEDAD LIMITADA","31590 CASTEJON (Navarra)","CONSTRUCCIONES Y OBRAS VICTORINO VICENTE SL","Desconocido","Activa","[948770029]","['www.victorinovicente.es']","mediana"
"B32021487","6124531.84","2018","133785.29","GOMEZ CRESPO, SERVANDO","4121 - Construcción de edificios residenciales","CARRETERA CASTADON-SAN MIGUEL DO CAMPO, 127","info@gomezcrespo.com","15","[988218263]","1986-07-01","2018-12-31","SOCIEDAD LIMITADA","32710 O PEREIRO DE AGUIAR (Orense)","OBRAS Y SERVICIOS GOMEZ CRESPO SL.","Desconocido","Activa","[988510180]","['www.gomezcrespo.com']","pequeña"
"B33777657","22611980.26","2018","87145","GARCIA RUIZ, FRANCISCO JAVIER","3320 - Instalación de máquinas y equipos industriales","CALLE GALILEO GALILEI, 771","info@cosermo.com","109","[985300273]","1992-12-31","2018-12-31","SOCIEDAD LIMITADA","33212 GIJON (Asturias)","COSERMO ESPAÑOLA-CONSTRUCCIONES SERVICIOS Y MONTAJES SL","Desconocido","Activa","[985322021]","['www.cosermo.com']","mediana"
"B36360543","2740001.98","2018","148102","ALVAREZ ALVAREZ, MARIA SOLEDAD","4121 - Construcción de edificios residenciales","AVENIDA ORDOÑEZ, 38","sol@cicagoian.com","35","Desconocido","2000-04-28","2018-12-31","SOCIEDAD LIMITADA","36740 TOMIÑO (Pontevedra)","CONSTRUCCIONES INMOBILIARIAS CASTIÑEIRA ALVAREZ SL","Desconocido","Activa","[986621233]","Desconocido","pequeña"
"B36494185","1857257.43","2018","180000","NUNEZ FRAIZ, JUAN CARLOS","4299 - Construcción de otros proyectos de ingeniería civil n.c.o.p.","CALLE GERONA, 3 - ENTRESUEÑO, OFICINA C","principal@oresa.e.telefonica.net","13","[986204040]","2005-04-27","2018-12-31","SOCIEDAD LIMITADA","36211 VIGO (Pontevedra)","OBRAS REFORMAS Y SANEAMIENTOS S.L.","Desconocido","Activa","[986204000, 986204040, 986529016]","Desconocido","pequeña"
"B38077889","1106219.72","2018","66000","CASTRO PEREZ, AURELIO","4121 - Construcción de edificios residenciales","POLIGONO INDUSTRIAL EL MOLINO, NAVE 18","jcamacho@camansl.com","18","[922438032]","1987-07-07","2018-12-31","SOCIEDAD LIMITADA","38710 BREÑA ALTA (Tenerife)","CONSTRUCCIONES CAMAN SL","Desconocido","Activa","[922438027, 922820899]","Desconocido","pequeña"
"B39385083","9774053.7","2018","560132","ALONSO FERNANDEZ, JOSE ESMERALDO","6190 - Otras actividades de telecomunicaciones","CALLE ALBERT EINSTEIN, 14","compras@ttinorte.es","86","Desconocido","1995-11-10","2018-12-31","SOCIEDAD LIMITADA","39011 SANTANDER (Cantabria)","TTI NORTE SL","Desconocido","Activa","[942291212]","['www.ttinorte.es']","mediana"
"B39408315","213394.09","2018","3011.07","MARTINEZ GUTIERREZ, AGUSTIN","4121 - Construcción de edificios residenciales","BARRIO EL BOSQUE, 50","Desconocido","0","[942881030]","1996-12-13","2018-12-31","SOCIEDAD LIMITADA","39314 SANTILLANA DEL MAR (Cantabria)","CONSTRUCCIONES QUEVEDA SL","Desconocido","Activa","[942893259, 942804506]","['www.construccionesqueveda.es']","pequeña"
"B39597083","1706227.58","2015","7010","RUIZ CASTANEDO, JUAN MANUEL","4299 - Construcción de otros proyectos de ingeniería civil n.c.o.p.","CALLE TRASMIERA, 8 - BJ 2 B","Desconocido","14","Desconocido","2005-01-20","2015-12-31","SOCIEDAD LIMITADA","39005 SANTANDER (Cantabria)","EBOSA, OBRAS Y PROYECTOS, S.L. (EN LIQUIDACION)","Desconocido","Disolución","Desconocido","Desconocido","pequeña"
"B41613340","2255360.22","2018","400029","MONTANO LIMONES, JOSE LUIS","7112 - Servicios técnicos de ingeniería y otras actividades relacionadas con el asesoramiento técnico","CALLE ACUEDUCTO, 24 - C C DOS HERMANAS EDF 3 PLTA 1 MOD 10","comunicacion@tecaer.gasc.es","53","[954931401]","1993-07-28","2018-12-31","SOCIEDAD LIMITADA","41703 DOS HERMANAS (Sevilla)","TECAER SEVILLA SL","Desconocido","Activa","[954930220, 954930067]","Desconocido","mediana"
"B42541441","5992017.64","2018","3000","CANTO MARTINEZ, PABLO","4222 - Construcción de redes eléctricas y de telecomunicaciones","CALLE CAMINO DE CATRAL, 80","Desconocido","45","Desconocido","2017-11-22","2018-12-31","SOCIEDAD LIMITADA","03160 ALMORADI (Alicante)","FUSIONA TELECOM LEVANTE SL","Desconocido","Activa","[965701022]","Desconocido","mediana"
"B43200765","4282823.18","2018","6010.12","MONTESO ESPUNY, JOSE","4399 - Otras actividades de construcción especializada n.c.o.p.","CAMINO TORRECILLAS, 41","gestion@montajestemon.com","96","Desconocido","1988-12-14","2018-12-31","SOCIEDAD LIMITADA","50014 ZARAGOZA (Zaragoza)","MONTAJES TEMON SL","Desconocido","Activa","[976740658]","['www.montajestemon.com']","mediana"
"B45490372","2325599.64","2018","3006","VILLAR GONZALEZ, SERGIO","1413 - Confección de otras prendas de vestir exteriores","PASEO MERCHAN, 2","info@ctsempresa.com","129","Desconocido","2001-05-21","2018-12-31","SOCIEDAD LIMITADA","45003 TOLEDO (Toledo)","COCEMFE-TOLEDO SERVICIOS MULTIPLES SL","Desconocido","Activa","[925245627, 925909245]","['www.ctsempresa.com']","mediana"
"B45629649","1949222.65","2018","12000","INIGO OCAMPO, MIGUEL ANGEL","4121 - Construcción de edificios residenciales","CALLE JACINTO AGUIRRE, 11 - PISO 1 A","Desconocido","26","Desconocido","2006-07-17","2018-12-31","SOCIEDAD LIMITADA","45600 TALAVERA DE LA REINA (Toledo)","JOMIRSA ESTRUCTURAS DE HORMIGON SL","Desconocido","Activa","Desconocido","Desconocido","pequeña"
"B45766573","2159802.63","2015","70000","MENA CAMACHO, DANIEL","4121 - Construcción de edificios residenciales","AVENIDA MIGUEL ANGEL GUERRA SABRIDO, NAV 71 A","Desconocido","15","Desconocido","2011-10-26","2015-12-31","SOCIEDAD LIMITADA","45529 YUNCLER (Toledo)","CONSTRUCCIONES GRUPO DANIEL MENA SL.","Desconocido","Posible cierre de hoja registral","Desconocido","Desconocido","pequeña"
"B46833232","1240241.8","2018","4808","GONZALEZ MORENO, ANA BELEN","4121 - Construcción de edificios residenciales","AVENIDA LUIS VIVES, 10","info@edigon.com","26","Desconocido","1991-01-02","2018-12-31","SOCIEDAD LIMITADA","46460 SILLA (Valencia)","CONSTRUCCIONES EDIGON SL","Desconocido","Activa","[961210700]","['www.edigon.com']","pequeña"
"B46934469","18542783.57","2018","15025","MARTINEZ DURA, SALVADOR","4122 - Construcción de edificios no residenciales","CALLE DE PONIENTE, LOCAL 14","susana.vicen@afisco.net","12","Desconocido","1991-04-11","2018-12-31","SOCIEDAD LIMITADA","46190 RIBA-ROJA DE TURIA (Valencia)","ALCALANS PROMOTORA SL","Desconocido","Activa","[961642156, 961642128]","['www.alcalans.net']","pequeña"
"B47520697","2149886.35","2018","3006","GALLO MARTINEZ, FERNANDO","4121 - Construcción de edificios residenciales","PASEO ZORRILLA, 346 - A 1ºB","crv@crvsl.es","16","Desconocido","2003-07-08","2018-12-31","SOCIEDAD LIMITADA","47008 VALLADOLID (Valladolid)","CONSTRUCTORES REUNIDOS VALLADOLID SL","Desconocido","Activa","[983247190, 983247192]","['www.crvsl.es']","pequeña"
"B48779508","5885220.97","2018","1502500","SAINZ SANTOS, PEDRO","4399 - Otras actividades de construcción especializada n.c.o.p.","CAMINO TORROTO, 1 - D","administracion@belakolanak.com","49","[946155177]","1995-10-23","2018-12-31","SOCIEDAD LIMITADA","48100 MUNGIA (Bizkaia)","BELAKO LANAK SOCIEDAD LIMITADA","Desconocido","Activa","[946155964]","['www.belakolanak.com']","pequeña"
"B51034577","610224.92","2017","3000","GONZALEZ GARCIA, EDUARDO BARTOLOME","4221 - Construcción de redes para fluidos","CALLE RIO FUENGIROLA, 16 - LOC BJ","Desconocido","23","Desconocido","2015-10-30","2017-12-31","SOCIEDAD LIMITADA","29651 MIJAS (Málaga)","AYUDAS A INSTALACIONES SEPTA S.L.","Desconocido","Activa","Desconocido","Desconocido","pequeña"
"B53776530","3397284.22","2018","27006","MARTINEZ PERTUSA, SALVADOR","4121 - Construcción de edificios residenciales","PARTIDA CAMINO DE CATRAL, 80","administracion@salvaorico.com","40","Desconocido","2003-06-05","2018-12-31","SOCIEDAD LIMITADA","03160 ALMORADI (Alicante)","CONTRATAS SALVAORICO SL","['SALVAORICO']","Activa","[965701022]","['www.salvaorico.com']","pequeña"
"B53779815","14852912.88","2018","60006","ZARAGOZA HERNANDEZ, SERGIO","4399 - Otras actividades de construcción especializada n.c.o.p.","AVENIDA ORIHUELA","info@zaragoza2012.es","163","[966735601]","2003-06-11","2018-12-31","SOCIEDAD LIMITADA","03370 REDOVAN (Alicante)","ZARAGOZA 2012 GRUPO CONSTRUCTOR SL.","Desconocido","Activa","[966735601]","['www.zaragoza2012.es']","grande"
"B54821533","2350778.61","2018","3100","GRACIA SAEZ, MARIA JESUS","4121 - Construcción de edificios residenciales","CALLE MEDICO TEMISTOCLES ALMAGRO, 16 - BJ LOC 2","Desconocido","32","Desconocido","2014-11-14","2018-12-31","SOCIEDAD LIMITADA","03300 ORIHUELA (Alicante)","MULTISERVICIOS ORIOLANOS SL.","Desconocido","Activa","Desconocido","Desconocido","pequeña"
"B57172249","5941051.48","2017","63630","RIOBOO MARTIN, GALO","4121 - Construcción de edificios residenciales","CALLE GREMI D'HORTALANS, 11 - PISO 1 OFIC 17","info@profutur2002.com","31","[971538304]","2002-11-15","2017-12-31","SOCIEDAD LIMITADA","07009 PALMA (Baleares)","PROFUTUR 2002 SL","Desconocido","Activa","[971537463]","['www.profutur2002.com']","pequeña"
"B57476293","7438519.34","2017","3010","MORA FELIU, DIEGO","4121 - Construcción de edificios residenciales","CALLE CRISTOFOR COLOM, 69","info@consfutur.com","70","Desconocido","2007-02-07","2017-12-31","SOCIEDAD LIMITADA","07670 FELANITX (Baleares)","PROMOFUTUR INSULAR SL","Desconocido","Activa","[971833611, 871208530]","['www.consfutur.com']","pequeña"
"B60485976","5505737.8","2018","3005.07","CALZADO CALET, JOSE LUIS","4121 - Construcción de edificios residenciales","POLIGONO INDUSTRIAL CAN CALDERON, 78 - 82 NAVE 4","artec@gruparteco.com","14","Desconocido","1994-01-25","2018-12-31","SOCIEDAD LIMITADA","08830 SANT BOI DE LLOBREGAT (Barcelona)","ARTEC OBRAS Y SERVICIOS SL","Desconocido","Activa","[936526060]","['www.gruparteco.com']","pequeña"
"B61485439","15339379","2018","457520","PALEX MEDICAL SA REPR 143 RRM CARBONELL CASTELLON FRANCESC XAVIER","6920 - Actividades de contabilidad, teneduría de libros, auditoría y asesoría fiscal","CALLE JESUS SERRA SANTAMANS, 5","palexmedical@palex.es","133","[934006501]","1997-10-22","2018-12-31","SOCIEDAD LIMITADA","08174 SANT CUGAT DEL VALLES (Barcelona)","SERVISTAL MEDICA SL","['SERVISTAL MEDICA, S.L.']","Activa","[934006500, 900180132]","['www.palexmedical.com']","mediana"
"B63051908","6005885.81","2018","65250","VERDU MARTORELL, JOSE MARIA","6202 - Actividades de consultoría informática","CALLE JORDI GIRONA, 29 - 2º PLANTA","info@saptools.es","90","Desconocido","2002-12-16","2018-12-31","SOCIEDAD LIMITADA","08034 BARCELONA (Barcelona)","SAPTOOLS CONSULTING SL.","Desconocido","Activa","[932044850]","['www.saptools.es']","mediana"
"B64410327","7540563.48","2017","39000","FERNANDEZ AVILA, GUILLERMO","4399 - Otras actividades de construcción especializada n.c.o.p.","TRAVESIA TRAFALGAR, 35 - BAJOS","info@fertres.es","10","[935880661]","2007-01-01","2017-12-31","SOCIEDAD LIMITADA","08191 RUBI (Barcelona)","CONSTRUCCIONES FERTRES SL","Desconocido","Activa","[936992571]","['www.fertres.es']","pequeña"
"B64512650","2222754.94","2018","3006","URBINA NUÑEZ, PATRICIO FERNANDO","4399 - Otras actividades de construcción especializada n.c.o.p.","CALLE LEPANT, 257","Desconocido","48","Desconocido","2007-03-22","2018-12-31","SOCIEDAD LIMITADA","08224 TERRASSA (Barcelona)","KEDER DESIGN S.L.","Desconocido","Activa","Desconocido","Desconocido","mediana"
"B64892839","6543775.34","2018","46610","CABELLO VAZQUEZ, MARCOS","4122 - Construcción de edificios no residenciales","CALLE L'URUGUAI, 1","info@vestarehabilitacion.com","10","Desconocido","2008-06-26","2018-12-31","SOCIEDAD LIMITADA","08023 BARCELONA (Barcelona)","VESTA REHABILITACION SL","Desconocido","Activa","[932855703]","['www.vestarehabilitacion.com']","pequeña"
"B65344160","2831907.33","2018","16000","ALMECIJA GARCIA, JUAN CARLOS","7112 - Servicios técnicos de ingeniería y otras actividades relacionadas con el asesoramiento técnico","CALLE ANTONI BELL, 2 - 3ªPLT OFIC-B.1","info@3e-energea.com","28","Desconocido","2010-05-19","2018-12-31","SOCIEDAD LIMITADA","08174 SANT CUGAT DEL VALLES (Barcelona)","ENERGEA INGENIERIA EN EFICIENCIA ENERGETICA SL","Desconocido","Activa","[935631550]","['www.3e-energea.com']","pequeña"
"B65386914","27108","2018","3120","CALZAS MARCET, JOSEP","4652 - Comercio al por mayor de equipos electrónicos y de telecomunicaciones y sus componentes","CALLE ALMOGAVERS, 118","gestionlb33@gmail.com","0","Desconocido","2010-07-22","2018-12-31","SOCIEDAD LIMITADA","08018 BARCELONA (Barcelona)","LIVE BROADCAST SOLUTIONS SL","Desconocido","Reapertura de la hoja registral","Desconocido","Desconocido","pequeña"
"B70228440","13523142.32","2018","17270","PRIETO BARRO, ERNESTO","3319 - Reparación de otros equipos","POLIGONO INDUSTRIAL AS SOMOZAS, PARC 3-A 3-B","huso29eyc@huso29eyc.com","139","[981404544]","2009-10-20","2018-12-31","SOCIEDAD LIMITADA","15565 AS SOMOZAS (La Coruña)","HUSO29 RENOVABLES SL","Desconocido","Activa","[981404527]","['www.huso29eyc.com']","mediana"
"B70409875","4521365.19","2018","776898","SANCHEZ AÑON, SILVIA","1623 - Fabricación de otras estructuras de madera y piezas de carpintería y ebanistería para la construcción","PLAZA CAMPO DA FEIRA, S/N","info@casascube.com","40","[981732867]","2014-04-07","2018-12-31","SOCIEDAD LIMITADA","15145 A LARACHA (La Coruña)","CASAS CUBE SL.","Desconocido","Activa","[981732891]","['www.casasprefabricadascube.com']","pequeña"
"B70451521","1490269.32","2018","30000","SOMOZA LOPEZ, MARIA YANIRA","4121 - Construcción de edificios residenciales","LUGAR OS PAZOS, 23","pavimentosnoia@yahoo.es","18","Desconocido","2015-05-04","2018-12-31","SOCIEDAD LIMITADA","15200 NOIA (La Coruña)","PAVIMENTOS NOIA OBRAS E CONTRATAS SL.","Desconocido","Activa","Desconocido","Desconocido","pequeña"
"B72199615","4288220.62","2018","360000","ORTIZ VERDUGO, SEBASTIAN","4121 - Construcción de edificios residenciales","AVENIDA DE LA DIPUTACION, 2 - 1 PLT","contacto@bahiagadir.com","35","Desconocido","2011-10-20","2018-12-31","SOCIEDAD LIMITADA","11130 CHICLANA DE LA FRONTERA (Cádiz)","BAHIA GADIR INVERSIONES SL","Desconocido","Activa","[956535272, 956537207]","Desconocido","pequeña"
"B72278906","3930858.63","2018","3000","RODRIGUEZ OLIVA, JUAN MANUEL","4121 - Construcción de edificios residenciales","CARRETERA ZABAL, 192","edr@edrconstrucciones.com","40","[956643565]","2015-01-23","2018-12-31","SOCIEDAD LIMITADA","11300 LA LINEA DE LA CONCEPCION (Cádiz)","EDR CONSTRUCCIONES 2015 SL.","Desconocido","Activa","[956643100]","Desconocido","mediana"
"B73373862","4100357.25","2017","60010","LOPEZ RIVELO, MARIANO","6209 - Otros servicios relacionados con las tecnologías de la información y la informática","CALLE CARRIL LA CONDESA (MURCIA-ERMITA PATIÑO), 58 - PISO 8","administracion@movildata.com","60","Desconocido","2005-05-23","2017-12-31","SOCIEDAD LIMITADA","30010 MURCIA (Murcia)","MOVILDATA INTERNACIONAL SOCIEDAD LIMITADA.","['MOVILDATA']","Activa","[968225511]","['www.movildata.com']","mediana"
"B73881534","5513571.11","2018","3100","INGLES SANMARTIN, ANTONIO","4121 - Construcción de edificios residenciales","CALLE ENRIQUE GUILLAMON, 13","ais.obras@gmail.com","43","Desconocido","2015-04-27","2018-12-31","SOCIEDAD LIMITADA","30590 MURCIA (Murcia)","AIS OBRAS Y ESTRUCTURAS 2015 SOCIEDAD LIMITADA.","Desconocido","Activa","Desconocido","Desconocido","pequeña"
"B76055839","7342126.22","2018","130000","PARGA POSE, JESUS MANUEL","4121 - Construcción de edificios residenciales","CALLE EL BARDINO, 84 - BAJO","jesus@fesumar.es","127","[928531310]","2010-02-25","2018-12-31","SOCIEDAD LIMITADA","35600 PUERTO DEL ROSARIO (Palmas (Las))","ECOLOGIA Y CONSTRUCCION FESUMAR SOCIEDAD LIMITADA.","Desconocido","Activa","[928531310, 928543209]","Desconocido","mediana"
"B76614445","1349261.94","2018","3100","VALIDO HERNANDEZ, DOMINGO","7111 - Servicios técnicos de arquitectura","CALLE MANUEL DE OSSUNA, 25","Desconocido","18","Desconocido","2013-08-21","2018-12-31","SOCIEDAD LIMITADA","38202 SAN CRISTOBAL DE LA LAGUNA (Tenerife)","GLOBARQ CLINIA SL.","Desconocido","Activa","Desconocido","Desconocido","pequeña"
"B80422330","17915816.66","2018","130957.9","DIAZ BERMEJO, JOSE JUAN","4121 - Construcción de edificios residenciales","CALLE BOADILLA, 9","info@aldara-ci.es","54","Desconocido","1992-09-16","2018-12-31","SOCIEDAD LIMITADA","45217 UGENA (Toledo)","ALDARA CONSTRUCCIONES E INFRAESTRUCTURAS SL.","Desconocido","Activa","[911023800]","['www.aldara-ci.es']","mediana"
"B81250524","10779000","2018","70000","ACITURRI AERONAUTICA SL","3030 - Construcción aeronáutica y espacial y su maquinaria","CALLE JERONIMO MUÑOZ, 8 - A 17","aciturri@aciturri.com","79","Desconocido","1995-07-28","2018-12-31","SOCIEDAD LIMITADA","47151 BOECILLO (Valladolid)","ACITURRI ENGINEERING SL.","Desconocido","Activa","[918064450, 983546633]","Desconocido","mediana"
"B81747396","4762555.86","2018","3172","ARROYO LACHICA, FRANCISCO","4321 - Instalaciones eléctricas","CALLE HIERRO, 33 - 1 PLT","proveedores@tecsitel.com","23","[917859635]","1997-05-27","2018-12-31","SOCIEDAD LIMITADA","28045 MADRID (Madrid)","TECSITEL SERVICIOS INTEGRALES SL","Desconocido","Activa","[915075692, 915075663]","['www.tecsitel.es']","pequeña"
"B81751356","5986212.19","2018","102170","SANCHEZ PARRA, ALBERTO","4121 - Construcción de edificios residenciales","CALLE RAMON JIMENEZ, 9 - 1 1","zarosan@zarosan.com","35","Desconocido","1997-05-29","2018-12-31","SOCIEDAD LIMITADA","28223 POZUELO DE ALARCON (Madrid)","ZAROSAN CONSTRUCCIONES Y REFORMAS SL","Desconocido","Activa","[913521703]","['www.zarosan.com']","pequeña"
"B82492984","4621435.5","2017","753000","MALDONADO ALONSO, JORGE DAVID","7112 - Servicios técnicos de ingeniería y otras actividades relacionadas con el asesoramiento técnico","CALLE JOSE ISBERT, 20 - PISO 1","info@aticonsult.es","19","[914855432]","1999-12-01","2017-12-31","SOCIEDAD LIMITADA","28223 POZUELO DE ALARCON (Madrid)","ASISTENCIAS TECNICAS DE INGENIERIA CONSULTORES SL","Desconocido","Activa","[914855430]","['www.aticonsult.es']","pequeña"
"B82849316","3014391.74","2018","273005.06","FERNANDEZ RODRIGUEZ, RODOLFO","4121 - Construcción de edificios residenciales","CALLE URANO, 1","administracion@rfr.com.es","26","[916975805]","2000-12-22","2018-12-31","SOCIEDAD LIMITADA","28936 MOSTOLES (Madrid)","RFR EFICIENCIA Y CONSTRUCCION SOCIEDAD LIMITADA.","Desconocido","Activa","[916906149]","['www.rfr.com.es']","pequeña"
"B83040212","13723025.8","2018","1000016","FUNKE, HOLGER","7112 - Servicios técnicos de ingeniería y otras actividades relacionadas con el asesoramiento técnico","CALLE LOZOYA, 6 - NAV 20","info@seppelec.com","90","[916797729]","2001-06-21","2018-12-31","SOCIEDAD LIMITADA","28925 ALCORCON (Madrid)","SEPPELEC SL","['SEPPELEC']","Activa","[916797751]","['www.seppelec.com']","mediana"
"B83961656","6216626.62","2018","1503006","MOOG, TIM","7112 - Servicios técnicos de ingeniería y otras actividades relacionadas con el asesoramiento técnico","CALLE VIA DE LOS POBLADOS, 1 - PISO 5 D","madrid@voith.com","56","[917923389]","2004-04-06","2018-12-31","SOCIEDAD LIMITADA","28033 MADRID (Madrid)","UMLAUT CONSULTING ENGINEERING SL.","Desconocido","Activa","Desconocido","Desconocido","mediana"
"B85548329","43886000","2018","3000","GLOBAL DOMINION ACCESS SA REPRES PJ BARANDIARAN LANDIN MIKEL FELIX","6209 - Otros servicios relacionados con las tecnologías de la información y la informática","CALLE JOSEFA VALCARCEL, 3 - 5","eduardo.ortiz@dominion-global.com","407","[917434953]","2008-10-20","2018-12-31","SOCIEDAD LIMITADA","28027 MADRID (Madrid)","DOMINION NETWORKS SL","Desconocido","Activa","[917434950, 944793787]","['www.dominion.es']","grande"
"B86806197","2032901.98","2017","3000","GALAN ROMO, JESUS DAVID","4121 - Construcción de edificios residenciales","CALLE RAFAEL MARCOTE, 1","luarymonar@gmail.com","87","Desconocido","2013-08-28","2017-12-31","SOCIEDAD LIMITADA","28053 MADRID (Madrid)","LUAR Y MONAR SL.","Desconocido","Activa","Desconocido","Desconocido","mediana"
"B87009627","8260665.42","2018","3100","LLAMAS POMBO, EUGENIO","4121 - Construcción de edificios residenciales","AVENIDA DE LAS CANTERAS, 60","oficina@secofir.com","125","[918659534]","2014-05-08","2018-12-31","SOCIEDAD LIMITADA","28343 VALDEMORO (Madrid)","SECOFIR FUEGO SL.","Desconocido","Concurso","Desconocido","['www.secofir.es']","mediana"
"B87416707","2117934.46","2017","50000","SANCHEZ HERRERA, LUZ ADRIANA","6120 - Telecomunicaciones inalámbricas","CALLE LA PALMA, 1 - BL 3,1 D","Desconocido","75","Desconocido","2015-11-12","2017-12-31","SOCIEDAD LIMITADA","28850 TORREJON DE ARDOZ (Madrid)","REDESAN COMUNICATION SERVICES SL.","Desconocido","Activa","Desconocido","Desconocido","mediana"
"B91260232","71282.16","2018","261025","GARRIDO MORENO, FRANCISCO MANUEL","4121 - Construcción de edificios residenciales","CALLE FRAY LUIS DE LEON, 4","info@hergamo.com","3","[955702764]","2003-01-15","2018-12-31","SOCIEDAD LIMITADA","41800 SANLUCAR LA MAYOR (Sevilla)","INVERSIONES HERGAMO SL.","Desconocido","Activa","Desconocido","Desconocido","pequeña"
"B91353136","669484.37","2018","3006","GARCIA GARCIA, FRANCISCO JAVIER","5610 - Restaurantes y puestos de comidas","AVENIDA MAIRENA DEL ALJARAFE, 13 - OFICINA 2","tecniciser@tecniciser.com","12","Desconocido","2004-03-10","2018-12-31","SOCIEDAD LIMITADA","41110 BOLLULLOS DE LA MITACION (Sevilla)","TECNICISER MANTENIMIENTO SOCIEDAD LIMITADA.","Desconocido","Activa","[955776585]","['www.tecniciser.com']","pequeña"
"B91840280","13478257.97","2018","107000","BRAQUEHAIS LUMBRERAS, TECLA","4321 - Instalaciones eléctricas","POLIGONO INDUSTRIAL RED, 7","secretaria@sistemgroup.es","46","Desconocido","2009-10-15","2018-12-31","SOCIEDAD LIMITADA","41500 ALCALA DE GUADAIRA (Sevilla)","SISTEM INFRAESTRUCTURAS Y OPERACIONES EPC SOCIEDAD LIMITADA.","Desconocido","Activa","[952960761, 955412027]","['www.sistemastecnicosymontajes.com']","pequeña"
"B92241991","4546896.33","2018","16227","MENA ROMERO, ANTONIO JESUS","4121 - Construcción de edificios residenciales","CALLE CUARTEL, 77 - 1","administracion@menalinfraestructuas.com","59","Desconocido","2001-05-18","2018-12-31","SOCIEDAD LIMITADA","29691 MANILVA (Málaga)","MENAL INFRAESTRUCTURAS SL.","Desconocido","Activa","[956795407]","Desconocido","pequeña"
"B92486315","10140696.82","2018","3865000","ORLOPE SL","4121 - Construcción de edificios residenciales","AVENIDA DEL GOLF, LOC 1 ED COMERCIAL URBANORIA","administracion@aryon.es","30","Desconocido","2003-11-13","2018-12-31","SOCIEDAD LIMITADA","29649 MIJAS (Málaga)","ARYON INFRAESTRUCTURAS SL","Desconocido","Activa","[952587563]","['www.aryon.es']","pequeña"
"B95331666","2261003.04","2018","137344","ECHEVARRIA LECUE, PAULA","7112 - Servicios técnicos de ingeniería y otras actividades relacionadas con el asesoramiento técnico","CALLE GENERAL CONCHA, 25 - PISO 6","administracion@3dbconsult.com","50","Desconocido","2004-09-07","2018-12-31","SOCIEDAD LIMITADA","48010 BILBAO (Bizkaia)","3DB CONSULTORES SOCIEDAD LIMITADA.","Desconocido","Activa","[946053537]","['www.3dbconsult.com']","mediana"
"B95408340","5991292.32","2018","400000","ANDRADE CORTES, JOSE ANTONIO","4121 - Construcción de edificios residenciales","CALLE PINTOR LOSADA, 29 - BAJO","info@andrasa.com","23","[944059516]","2006-02-06","2018-12-31","SOCIEDAD LIMITADA","48004 BILBAO (Bizkaia)","CONSTRUCCIONES Y REFORMAS ANDRASA SL","Desconocido","Activa","[944597700, 944059286, 944314723]","['www.andrasa.com']","pequeña"
"B95488839","17368107","2017","178500","Desconocido","7112 - Servicios técnicos de ingeniería y otras actividades relacionadas con el asesoramiento técnico","CAMINO SANGRONIZ, 6 - MOD 2.O","rdimet@rdimet.com","21","[944806089]","2007-06-25","2017-12-31","SOCIEDAD LIMITADA","48150 SONDIKA (Bizkaia)","REINGENIERIA DESARROLLOS E INNOVACIONES EN TECNOLOGIA DE LOS METALES SOCIEDAD LIMITADA (EXTINGUIDA)","Desconocido","Extinción","[944806088, 944537150]","['www.fagorarrasate.com']","mediana"
"B96593710","7732308.86","2018","22537.5","BLUEPAL SOCIEDAD LIMITADA","7111 - Servicios técnicos de arquitectura","CALLE VELLUTERS, 2 - POL INDUSTRIAL VARA DE QUART","info@amusementlogic.es","45","[961565346]","1996-11-18","2018-12-31","SOCIEDAD LIMITADA","46014 VALENCIA (Valencia)","AMUSEMENT LOGIC SOCIEDAD LIMITADA","['AMUSEMENT LOGIC']","Activa","[961581614, 961474126]","['www.amusementlogic.es']","pequeña"
"B96771613","3456787.94","2017","33055","APARICIO CONSULTING SLP","4122 - Construcción de edificios no residenciales","CALLE TEROL, 15 - ESCALERA B PISO 8º","apuc@apuc.es","11","Desconocido","1998-06-12","2017-12-31","SOCIEDAD LIMITADA","46008 VALENCIA (Valencia)","ACTUACIONES PUBLICAS Y CIVILES SL","Desconocido","Concurso","[963848340]","['www.apuc.es']","pequeña"
"B98212970","14461279.41","2018","3030","BERPRE INVERSIONES SOCIEDAD LIMITADA REPRES PJ BERTOLIN PEREZ ELENA INES","4299 - Construcción de otros proyectos de ingeniería civil n.c.o.p.","CALLE GUGLIELMO MARCONI, 11 - PQ. TECNOLOGICO - LOCAL 28 D","Desconocido","100","[963845347]","2009-12-29","2018-12-31","SOCIEDAD LIMITADA","46980 PATERNA (Valencia)","CIVINED SOCIEDAD LIMITADA.","Desconocido","Activa","[963841234]","Desconocido","mediana"
"B98490964","27841524.45","2018","200000","LLEDO SILLA, CESAR","2711 - Fabricación de motores, generadores y transformadores eléctricos","CALLE COLON, 1 - 8 23","comercial@eurenergroup.com","14","Desconocido","2012-11-19","2018-12-31","SOCIEDAD LIMITADA","46004 VALENCIA (Valencia)","EUROPEAN ENERGY WORLD SL","Desconocido","Activa","[960045515, 960054950]","['www.eurenergroup.com']","pequeña"
"B98647027","2086176.6","2018","3000","DIAZ MARTINEZ, JOSE MIGUEL","4121 - Construcción de edificios residenciales","AVENIDA AUSIAS MARCH, 12","mdiazt@construccionesdiazsala.com","68","Desconocido","2014-07-01","2018-12-31","SOCIEDAD LIMITADA","46814 LLANERA DE RANES (Valencia)","DIHERSA INVERSIONES SOCIEDAD LIMITADA.","Desconocido","Activa","Desconocido","Desconocido","mediana"
"G22010094","2760104.5","2018","10000","Desconocido","8720 - Asistencia en establecimientos residenciales para personas con discapacidad intelectual, enfermedad mental y drogodependencia","CARRETERA GRAÑEN, S/N","aspacehuesca@aspacehuesca.org","93","[974225513]","Desconocido","2018-12-31","ASOCIACION","22196 HUESCA (Huesca)","ASOCIACION DE PERSONAS CON PARALISIS CEREBRAL DE HUESCA","Desconocido","Activa","[974227962, 976516522]","['www.aspacehuesca.org']","mediana"
